filename,label,room
defense_0000.wav,1,bathroom
defense_0001.wav,1,large_hall
defense_0002.wav,1,medium_room
defense_0003.wav,1,office
defense_0004.wav,1,room_00
defense_0005.wav,1,room_01
defense_0006.wav,1,room_02
defense_0007.wav,1,room_03
defense_0008.wav,1,room_04
defense_0009.wav,1,room_05
defense_0010.wav,1,room_06
defense_0011.wav,1,room_07
defense_0012.wav,1,room_08
defense_0013.wav,1,room_09
defense_0014.wav,1,room_10
defense_0015.wav,1,room_11
defense_0016.wav,1,room_12
defense_0017.wav,1,room_13
defense_0018.wav,1,room_14
defense_0019.wav,1,room_15
defense_0020.wav,1,room_16
defense_0021.wav,1,room_17
defense_0022.wav,1,room_18
defense_0023.wav,1,room_19
defense_0024.wav,1,small_room
defense_0025.wav,1,bathroom
defense_0026.wav,1,large_hall
defense_0027.wav,1,medium_room
defense_0028.wav,1,office
defense_0029.wav,1,room_00
defense_0030.wav,1,room_01
defense_0031.wav,1,room_02
defense_0032.wav,1,room_03
defense_0033.wav,1,room_04
defense_0034.wav,1,room_05
defense_0035.wav,1,room_06
defense_0036.wav,1,room_07
defense_0037.wav,1,room_08
defense_0038.wav,1,room_09
defense_0039.wav,1,room_10
defense_0040.wav,1,room_11
defense_0041.wav,1,room_12
defense_0042.wav,1,room_13
defense_0043.wav,1,room_14
defense_0044.wav,1,room_15
defense_0045.wav,1,room_16
defense_0046.wav,1,room_17
defense_0047.wav,1,room_18
defense_0048.wav,1,room_19
defense_0049.wav,1,small_room
defense_0050.wav,1,bathroom
defense_0051.wav,1,large_hall
defense_0052.wav,1,medium_room
defense_0053.wav,1,office
defense_0054.wav,1,room_00
defense_0055.wav,1,room_01
defense_0056.wav,1,room_02
defense_0057.wav,1,room_03
defense_0058.wav,1,room_04
defense_0059.wav,1,room_05
defense_0060.wav,1,room_06
defense_0061.wav,1,room_07
defense_0062.wav,1,room_08
defense_0063.wav,1,room_09
defense_0064.wav,1,room_10
defense_0065.wav,1,room_11
defense_0066.wav,1,room_12
defense_0067.wav,1,room_13
defense_0068.wav,1,room_14
defense_0069.wav,1,room_15
defense_0070.wav,1,room_16
defense_0071.wav,1,room_17
defense_0072.wav,1,room_18
defense_0073.wav,1,room_19
defense_0074.wav,1,small_room
defense_0075.wav,1,bathroom
defense_0076.wav,1,large_hall
defense_0077.wav,1,medium_room
defense_0078.wav,1,office
defense_0079.wav,1,room_00
defense_0080.wav,1,room_01
defense_0081.wav,1,room_02
defense_0082.wav,1,room_03
defense_0083.wav,1,room_04
defense_0084.wav,1,room_05
defense_0085.wav,1,room_06
defense_0086.wav,1,room_07
defense_0087.wav,1,room_08
defense_0088.wav,1,room_09
defense_0089.wav,1,room_10
defense_0090.wav,1,room_11
defense_0091.wav,1,room_12
defense_0092.wav,1,room_13
defense_0093.wav,1,room_14
defense_0094.wav,1,room_15
defense_0095.wav,1,room_16
defense_0096.wav,1,room_17
defense_0097.wav,1,room_18
defense_0098.wav,1,room_19
defense_0099.wav,1,small_room
defense_0100.wav,1,bathroom
defense_0101.wav,1,large_hall
defense_0102.wav,1,medium_room
defense_0103.wav,1,office
defense_0104.wav,1,room_00
defense_0105.wav,1,room_01
defense_0106.wav,1,room_02
defense_0107.wav,1,room_03
defense_0108.wav,1,room_04
defense_0109.wav,1,room_05
defense_0110.wav,1,room_06
defense_0111.wav,1,room_07
defense_0112.wav,1,room_08
defense_0113.wav,1,room_09
defense_0114.wav,1,room_10
defense_0115.wav,1,room_11
defense_0116.wav,1,room_12
defense_0117.wav,1,room_13
defense_0118.wav,1,room_14
defense_0119.wav,1,room_15
defense_0120.wav,1,room_16
defense_0121.wav,1,room_17
defense_0122.wav,1,room_18
defense_0123.wav,1,room_19
defense_0124.wav,1,small_room
